Key,Value
BPM,90.0000
StartTime,23.5182
scoreCounter,27.0000
Alpha,High
alphaUser,0.1000
alphaAuto,0.0030
AudioGudance,1.0000
VisualGudance,1.0000
FinishTrial,1.0000
Mean Onset List,25.1120,27.2491,51.1921,54.2398,55.1061,55.9779,57.1534,57.9278,58.6561,59.3733,60.1022,60.8486,61.6097,62.3802,63.1420,63.8917,64.6384,65.3811,66.1342,66.8876,67.6360,68.3911,69.1609,69.9219,70.6714,71.4192,72.1784
Mean Interval List,0.0081,0.8295,2.9996,0.7103,0.7224,0.7188,0.7139,0.6871,0.6944,0.7063,0.7236,0.7384,0.7373,0.7341,0.7260,0.7224,0.7203,0.7192,0.7315,0.7261,0.7286,0.7344,0.7314,0.7286,0.7267,0.7263,0.7311
Timestamps,16.8224,17.4928,18.1028,18.7753,19.3882,20.0403,20.7524,21.4816,22.7102,23.5182,23.9332,24.8931,25.7288,26.5077,50.8033,51.6018,52.4012,53.1694,53.9550,54.7625,55.5925,56.4378,57.3324,58.1747,59.0214,59.9116,60.7907,61.5261,62.2543,62.9438,63.6685,64.3969,65.1308,65.9970,66.6949,67.4726,68.2795,69.0035,69.7447,70.4862,71.2302,72.0244,72.8119
Player1OnsetTimes,25.1795,27.3014,51.4448,54.4755,55.1071,55.7518,57.2214,58.0410,58.7188,59.3905,60.0882,60.8223,61.5910,62.3490,63.1236,63.8764,64.6275,65.3781,66.1248,66.8778,67.6289,68.3872,69.1521,69.9151,70.6656,71.4136,72.1535,72.9133
Player2OnsetTimes,24.8576,26.9820,51.2732,54.4292,55.1376,55.8139,57.2835,58.0900,58.7509,59.4053,60.1034,60.8389,61.6056,62.3651,63.1236,63.8764,64.6275,65.3781,66.1248,66.8778,67.6289,68.3872,69.1521,69.9151,70.6656,71.4136,72.1693,72.9303
Player3OnsetTimes,24.6863,27.3501,51.3662,54.3840,55.0458,55.7364,57.2682,58.1115,58.7837,59.4358,60.1202,60.8389,61.5910,62.3490,63.1236,63.8764,64.6275,65.3781,66.1248,66.8778,67.6289,68.3872,69.1521,69.9151,70.6656,71.4136,72.1693,72.9303
Player4OnsetTimes,24.9841,27.0879,50.9114,54.0226,54.8708,55.7026,57.3924,58.2510,58.8815,59.4828,60.1354,60.8389,61.5910,62.3651,63.1408,63.9085,64.6573,65.3939,66.1400,66.8944,67.6446,68.4021,69.1713,69.9305,70.6816,71.4308,72.1878,72.9454
Player5OnsetTimes,25.2396,27.3501,50.8195,53.8190,55.5925,56.5024,57.0539,57.5930,58.3429,59.1891,60.0427,60.8700,61.6517,62.4145,63.1592,63.8932,64.6424,65.3939,66.1400,66.8944,67.6446,68.4021,69.1713,69.9305,70.6816,71.4308,72.1878,72.9454
Player6OnsetTimes,24.8399,27.4935,50.9458,53.8941,55.5745,56.4526,57.0181,57.5738,58.3429,59.2039,60.0574,60.8700,61.6517,62.4145,63.1592,63.9085,64.6573,65.3939,66.1400,66.8944,67.6446,68.4021,69.1713,69.9305,70.6816,71.4308,72.1878,72.9454
Player7OnsetTimes,24.7181,27.3501,51.0562,54.0701,54.8561,56.4873,57.3324,57.8850,58.5338,59.2671,60.0427,60.8389,61.6224,62.3992,63.1592,63.9085,64.6573,65.3939,66.1400,66.8944,67.6446,68.4021,69.1713,69.9305,70.6816,71.4308,72.1878,72.9454
Player8OnsetTimes,25.2736,27.4007,51.1802,54.1659,54.9030,56.4378,57.2519,57.8086,58.4698,59.2353,60.0264,60.8223,61.6056,62.3843,63.1408,63.8932,64.6424,65.3781,66.1248,66.8778,67.6289,68.3872,69.1521,69.9151,70.6656,71.4136,72.1693,72.9303
Player9OnsetTimes,25.3297,27.4473,51.2732,54.2437,54.9389,56.4210,57.2214,57.7786,58.4534,59.2191,60.0264,60.8223,61.6056,62.3843,63.1408,63.8932,64.6424,65.3781,66.1248,66.8778,67.6289,68.3872,69.1521,69.9151,70.6656,71.4136,72.1693,72.9303
Player10OnsetTimes,24.7338,27.3762,50.9276,53.9232,55.6070,56.4873,57.0386,57.5738,58.3429,59.2039,60.0574,60.8700,61.6517,62.4145,63.1592,63.9085,64.6573,65.3939,66.1400,66.8944,67.6446,68.4021,69.1713,69.9305,70.6816,71.4308,72.1878,72.9454
Player11OnsetTimes,24.7512,27.4007,51.7586,54.7468,55.2632,55.7987,57.1460,57.9473,58.6544,59.3606,60.0882,60.8389,61.5910,62.3490,63.1022,63.8609,64.6128,65.3628,66.1091,66.8619,67.6134,68.3705,69.1326,69.8947,70.6505,71.3984,72.1535,72.9133
Player12OnsetTimes,24.8399,27.4935,50.9458,53.8941,55.5745,56.4526,57.0181,57.5738,58.3429,59.2039,60.0574,60.8700,61.6517,62.4145,63.1592,63.9085,64.6573,65.3939,66.1400,66.8944,67.6446,68.4021,69.1713,69.9305,70.6816,71.4308,72.1878,72.9454
Player13OnsetTimes,24.8576,26.9820,51.2732,54.4292,55.1376,55.8139,57.2835,58.0900,58.7509,59.4053,60.1034,60.8389,61.6056,62.3651,63.1236,63.8764,64.6275,65.3781,66.1248,66.8778,67.6289,68.3872,69.1521,69.9151,70.6656,71.4136,72.1693,72.9303
Player14OnsetTimes,24.7877,27.4244,51.4448,54.4292,55.0622,55.7364,57.2368,58.0748,58.7509,59.4053,60.0882,60.8223,61.5910,62.3651,63.1408,63.8932,64.6424,65.3781,66.1248,66.8778,67.6289,68.3872,69.1521,69.9151,70.6656,71.4136,72.1693,72.9303
Player15OnsetTimes,25.2736,27.4007,51.1802,54.1659,54.9030,56.4378,57.2519,57.8086,58.4698,59.2353,60.0264,60.8223,61.6056,62.3843,63.1408,63.8932,64.6424,65.3781,66.1248,66.8778,67.6289,68.3872,69.1521,69.9151,70.6656,71.4136,72.1693,72.9303
Player16OnsetTimes,24.7181,27.3501,51.0562,54.0701,54.8561,56.4873,57.3324,57.8850,58.5338,59.2671,60.0427,60.8389,61.6224,62.3992,63.1592,63.9085,64.6573,65.3939,66.1400,66.8944,67.6446,68.4021,69.1713,69.9305,70.6816,71.4308,72.1878,72.9454
Player17OnsetTimes,24.7877,27.4244,51.4448,54.4292,55.0622,55.7364,57.2368,58.0748,58.7509,59.4053,60.0882,60.8223,61.5910,62.3651,63.1408,63.8932,64.6424,65.3781,66.1248,66.8778,67.6289,68.3872,69.1521,69.9151,70.6656,71.4136,72.1693,72.9303
Player18OnsetTimes,24.9841,27.0879,50.9114,54.0226,54.8708,55.7026,57.3924,58.2510,58.8815,59.4828,60.1354,60.8389,61.5910,62.3651,63.1408,63.9085,64.6573,65.3939,66.1400,66.8944,67.6446,68.4021,69.1713,69.9305,70.6816,71.4308,72.1878,72.9454
Player19OnsetTimes,25.8882,27.4935,51.0112,53.9550,55.5539,56.4056,56.9576,57.5251,58.3217,59.1891,60.0427,60.8547,61.6370,62.3992,63.1408,63.8764,64.6275,65.3781,66.1248,66.8778,67.6289,68.3872,69.1521,69.9151,70.6656,71.4136,72.1693,72.9303
Player20OnsetTimes,24.6863,27.3501,51.3662,54.3840,55.0458,55.7364,57.2682,58.1115,58.7837,59.4358,60.1202,60.8389,61.5910,62.3490,63.1236,63.8764,64.6275,65.3781,66.1248,66.8778,67.6289,68.3872,69.1521,69.9151,70.6656,71.4136,72.1693,72.9303
Player21OnsetTimes,25.2200,27.3501,51.0261,54.0380,54.8404,56.4873,57.3324,57.8698,58.5021,59.2353,60.0264,60.8223,61.6224,62.3992,63.1592,63.9085,64.6424,65.3781,66.1248,66.8778,67.6289,68.3872,69.1521,69.9151,70.6656,71.4136,72.1693,72.9303
Player22OnsetTimes,24.8735,27.0044,51.0714,54.2134,55.0007,55.7675,57.3466,58.1747,58.8155,59.4358,60.1034,60.8223,61.5910,62.3651,63.1408,63.8932,64.6424,65.3939,66.1400,66.8944,67.6446,68.4021,69.1713,69.9305,70.6816,71.4308,72.1878,72.9454
Player23OnsetTimes,24.6863,27.3501,51.3662,54.3840,55.0458,55.7364,57.2682,58.1115,58.7837,59.4358,60.1202,60.8389,61.5910,62.3490,63.1236,63.8764,64.6275,65.3781,66.1248,66.8778,67.6289,68.3872,69.1521,69.9151,70.6656,71.4136,72.1693,72.9303
Player24OnsetTimes,24.6708,27.3257,51.4926,54.5063,55.1223,55.7675,57.2368,58.0575,58.7358,59.4053,60.1034,60.8389,61.5910,62.3490,63.1236,63.8764,64.6275,65.3781,66.1248,66.8778,67.6289,68.3872,69.1521,69.9151,70.6656,71.4136,72.1693,72.9303
Player25OnsetTimes,24.8063,27.4473,51.2399,54.2134,54.9389,55.7026,57.3324,58.1893,58.8300,59.4515,60.1202,60.8389,61.5910,62.3490,63.1236,63.8764,64.6275,65.3781,66.1248,66.8778,67.6289,68.3872,69.1521,69.9151,70.6656,71.4136,72.1693,72.9303
Player26OnsetTimes,25.2736,27.4007,51.1802,54.1659,54.9030,56.4378,57.2519,57.8086,58.4698,59.2353,60.0264,60.8223,61.6056,62.3843,63.1408,63.8932,64.6424,65.3781,66.1248,66.8778,67.6289,68.3872,69.1521,69.9151,70.6656,71.4136,72.1693,72.9303
Player27OnsetTimes,24.7689,27.4007,51.6018,54.5955,55.1689,55.7675,57.1908,58.0095,58.7023,59.3758,60.0882,60.8223,61.5910,62.3651,63.1236,63.8764,64.6275,65.3781,66.1248,66.8778,67.6289,68.3872,69.1521,69.9151,70.6656,71.4136,72.1535,72.9133
Player28OnsetTimes,26.9613,27.4935,51.1019,54.0380,55.5392,56.3467,56.8925,57.4582,59.0365,59.9263,60.4804,60.9867,61.5753,62.9260,63.6685,64.1664,64.6573,65.2424,66.6261,67.3853,67.8888,68.4021,69.6019,70.3007,70.8225,71.3678,72.6224,73.3349
Player29OnsetTimes,25.1596,27.2772,51.6018,54.6408,55.2161,55.7987,57.1759,57.9778,58.6704,59.3606,60.0733,60.8223,61.5910,62.3490,63.1022,63.8609,64.6128,65.3628,66.1091,66.8619,67.6134,68.3705,69.1326,69.8947,70.6505,71.3984,72.1535,72.9133
Player30OnsetTimes,24.7877,27.4244,51.4448,54.4292,55.0622,55.7364,57.2368,58.0748,58.7509,59.4053,60.0882,60.8223,61.5910,62.3651,63.1408,63.8932,64.6424,65.3781,66.1248,66.8778,67.6289,68.3872,69.1521,69.9151,70.6656,71.4136,72.1693,72.9303
Player31OnsetTimes,25.2200,27.3501,51.0261,54.0380,54.8404,56.4873,57.3324,57.8698,58.5021,59.2353,60.0264,60.8223,61.6224,62.3992,63.1592,63.9085,64.6424,65.3781,66.1248,66.8778,67.6289,68.3872,69.1521,69.9151,70.6656,71.4136,72.1693,72.9303
Player32OnsetTimes,25.9896,27.0655,51.1950,54.3065,55.0304,55.7364,57.2682,58.0900,58.7509,59.3905,60.0733,60.8074,61.5753,62.3490,63.1236,63.8764,64.6275,65.3628,66.1091,66.8619,67.6134,68.3705,69.1326,69.8947,70.6505,71.3984,72.1535,72.9133
Player33OnsetTimes,24.8063,27.4473,51.2399,54.2134,54.9389,55.7026,57.3324,58.1893,58.8300,59.4515,60.1202,60.8389,61.5910,62.3490,63.1236,63.8764,64.6275,65.3781,66.1248,66.8778,67.6289,68.3872,69.1521,69.9151,70.6656,71.4136,72.1693,72.9303
Player34OnsetTimes,24.6863,27.3501,51.3662,54.3840,55.0458,55.7364,57.2682,58.1115,58.7837,59.4358,60.1202,60.8389,61.5910,62.3490,63.1236,63.8764,64.6275,65.3781,66.1248,66.8778,67.6289,68.3872,69.1521,69.9151,70.6656,71.4136,72.1693,72.9303
Player35OnsetTimes,25.0687,27.2049,50.9114,53.9719,55.6685,56.5185,57.0539,57.5738,58.3429,59.2039,60.0574,60.8700,61.6517,62.4145,63.1592,63.8932,64.6275,65.3781,66.1248,66.8778,67.6289,68.3872,69.1521,69.9151,70.6816,71.4460,72.2028,72.9454
Player36OnsetTimes,24.8735,27.0044,51.0714,54.2134,55.0007,55.7675,57.3466,58.1747,58.8155,59.4358,60.1034,60.8223,61.5910,62.3651,63.1408,63.8932,64.6424,65.3939,66.1400,66.8944,67.6446,68.4021,69.1713,69.9305,70.6816,71.4308,72.1878,72.9454
Player37OnsetTimes,25.5066,27.0879,51.3827,54.4915,55.1530,55.7987,57.2368,58.0410,58.7188,59.3905,60.0882,60.8223,61.5753,62.3329,63.1022,63.8609,64.6128,65.3628,66.1091,66.8619,67.6134,68.3705,69.1326,69.8947,70.6505,71.4136,72.1693,72.9303
Player38OnsetTimes,26.8036,27.3501,50.8641,53.8489,55.5539,56.4378,56.9876,57.5251,59.0365,59.8913,60.4498,60.9677,61.5753,62.2715,63.0229,63.7858,64.5480,65.3025,66.0607,66.8170,67.5821,68.3412,69.1146,69.8753,70.6188,71.3678,72.1214,72.8803
Player39OnsetTimes,24.7512,27.4007,51.7586,54.7468,55.2632,55.7987,57.1460,57.9473,58.6544,59.3606,60.0882,60.8389,61.5910,62.3490,63.1022,63.8609,64.6128,65.3628,66.1091,66.8619,67.6134,68.3705,69.1326,69.8947,70.6505,71.3984,72.1535,72.9133
Player40OnsetTimes,24.9102,27.0459,51.6786,54.8077,55.3533,55.8790,57.1612,57.9321,58.6247,59.3281,60.0574,60.8223,61.5910,62.3490,63.1236,63.8764,64.6275,65.3781,66.1248,66.8778,67.6289,68.3872,69.1521,69.9151,70.6656,71.4136,72.1535,72.9133
Player41OnsetTimes,24.7689,27.4007,51.6018,54.5955,55.1689,55.7675,57.1908,58.0095,58.7023,59.3758,60.0882,60.8223,61.5910,62.3651,63.1236,63.8764,64.6275,65.3781,66.1248,66.8778,67.6289,68.3872,69.1521,69.9151,70.6656,71.4136,72.1535,72.9133
Player42OnsetTimes,24.8213,27.4473,51.1486,54.1187,54.8708,56.4727,57.3158,57.8698,58.5183,59.2514,60.0264,60.8223,61.6224,62.3992,63.1592,63.9085,64.6424,65.3781,66.1248,66.8778,67.6289,68.3872,69.1521,69.9151,70.6656,71.4136,72.1693,72.9303
Player43OnsetTimes,25.6530,27.2509,51.3040,54.3525,55.0304,55.7212,57.2519,58.0900,58.7509,59.3905,60.0733,60.8074,61.5753,62.3490,63.1236,63.8764,64.6275,65.3628,66.1091,66.8619,67.6134,68.3705,69.1326,69.8947,70.6505,71.3984,72.1535,72.9133
Player44OnsetTimes,24.8576,26.9820,51.2732,54.4292,55.1376,55.8139,57.2835,58.0900,58.7509,59.4053,60.1034,60.8389,61.6056,62.3651,63.1236,63.8764,64.6275,65.3781,66.1248,66.8778,67.6289,68.3872,69.1521,69.9151,70.6656,71.4136,72.1693,72.9303
Player45OnsetTimes,24.9466,27.0655,51.3040,54.4292,55.1223,55.7987,57.2682,58.0748,58.7358,59.3905,60.0882,60.8223,61.5910,62.3651,63.1408,63.8932,64.6424,65.3781,66.1248,66.8778,67.6289,68.3872,69.1521,69.9151,70.6656,71.4136,72.1693,72.9303
Player46OnsetTimes,24.7689,27.4007,51.6018,54.5955,55.1689,55.7675,57.1908,58.0095,58.7023,59.3758,60.0882,60.8223,61.5910,62.3651,63.1236,63.8764,64.6275,65.3781,66.1248,66.8778,67.6289,68.3872,69.1521,69.9151,70.6656,71.4136,72.1535,72.9133
Player47OnsetTimes,24.6208,27.2509,50.8495,53.8941,55.6365,56.5368,57.0854,57.6115,58.3586,59.2039,60.0574,60.8907,61.6851,62.4440,63.1755,63.9085,64.6424,65.3939,66.1400,66.8944,67.6446,68.4021,69.1713,69.9305,70.6816,71.4308,72.1878,72.9454
Player48OnsetTimes,25.1417,27.2509,51.0408,54.0865,54.8877,55.7026,57.3626,58.2196,58.8639,59.4679,60.1202,60.8223,61.5753,62.3490,63.1236,63.8932,64.6424,65.3781,66.1248,66.8778,67.6289,68.3872,69.1521,69.9151,70.6656,71.4136,72.1693,72.9303
Player49OnsetTimes,24.8213,27.4473,51.1486,54.1187,54.8708,56.4727,57.3158,57.8698,58.5183,59.2514,60.0264,60.8223,61.6224,62.3992,63.1592,63.9085,64.6424,65.3781,66.1248,66.8778,67.6289,68.3872,69.1521,69.9151,70.6656,71.4136,72.1693,72.9303
Player50OnsetTimes,24.7338,27.3762,50.9276,53.9232,55.6070,56.4873,57.0386,57.5738,58.3429,59.2039,60.0574,60.8700,61.6517,62.4145,63.1592,63.9085,64.6573,65.3939,66.1400,66.8944,67.6446,68.4021,69.1713,69.9305,70.6816,71.4308,72.1878,72.9454
Player51OnsetTimes,25.3655,26.9613,51.1019,54.2590,55.0304,55.7675,57.3158,58.1425,58.8004,59.4358,60.1034,60.8223,61.5753,62.3490,63.1236,63.8764,64.6275,65.3781,66.1248,66.8778,67.6289,68.3872,69.1521,69.9151,70.6656,71.4136,72.1693,72.9303
Player52OnsetTimes,26.5478,27.0879,51.0261,54.1187,54.9030,55.6849,57.3158,58.1587,58.8004,59.4206,60.0882,60.8074,61.5598,62.3329,63.1022,63.8609,64.6128,65.3628,66.1091,66.8619,67.6134,68.3705,69.1326,69.8947,70.6505,71.3984,72.1535,72.9133
Player53OnsetTimes,25.2570,27.3762,51.3976,54.3993,55.0458,55.7212,57.2519,58.0900,58.7509,59.4053,60.0882,60.8223,61.5753,62.3329,63.1022,63.8609,64.6128,65.3628,66.1091,66.8619,67.6134,68.3705,69.1326,69.8947,70.6505,71.4136,72.1693,72.9303
Player54OnsetTimes,24.7877,27.4244,51.4448,54.4292,55.0622,55.7364,57.2368,58.0748,58.7509,59.4053,60.0882,60.8223,61.5910,62.3651,63.1408,63.8932,64.6424,65.3781,66.1248,66.8778,67.6289,68.3872,69.1521,69.9151,70.6656,71.4136,72.1693,72.9303
Player55OnsetTimes,24.8399,26.9613,51.3827,54.5507,55.2161,55.8460,56.5527,58.1425,59.0874,59.7339,60.2889,60.8907,61.5753,62.3177,63.0828,63.8461,64.6128,65.3628,66.1091,66.8619,67.6134,68.3705,69.1326,69.8947,70.6505,71.4136,72.1693,72.9303
Player56OnsetTimes,25.6707,27.2509,51.0261,54.0701,54.8708,55.6849,57.3466,58.2048,58.8471,59.4515,60.1034,60.8223,61.5753,62.3490,63.1236,63.8764,64.6275,65.3781,66.1248,66.8778,67.6289,68.3872,69.1521,69.9151,70.6656,71.4136,72.1693,72.9303
Player57OnsetTimes,25.6707,27.2509,51.0261,54.0701,54.8708,55.6849,57.3466,58.2048,58.8471,59.4515,60.1034,60.8223,61.5753,62.3490,63.1236,63.8764,64.6275,65.3781,66.1248,66.8778,67.6289,68.3872,69.1521,69.9151,70.6656,71.4136,72.1693,72.9303
Player58OnsetTimes,25.4450,27.0459,50.8495,53.9719,54.8404,55.7026,56.5527,57.4080,58.3746,59.3128,60.1828,60.9867,61.7329,62.4607,63.1912,63.9257,64.6727,65.4265,66.1729,66.9263,67.6757,68.4325,69.1943,69.9455,70.6974,71.4627,72.2191,72.9769
Player59OnsetTimes,24.8576,26.9820,51.2732,54.4292,55.1376,55.8139,56.5527,58.1747,59.1245,59.7485,60.3053,60.9119,61.5910,62.3177,63.0828,63.8461,64.6128,65.3781,66.1248,66.8778,67.6289,68.3872,69.1521,69.9151,70.6656,71.4136,72.1693,72.9303
Player60OnsetTimes,25.2013,27.3257,51.2253,54.2437,54.9703,55.7212,57.3158,58.1587,58.8004,59.4206,60.0882,60.8074,61.5753,62.3490,63.1236,63.8764,64.6275,65.3781,66.1248,66.8778,67.6289,68.3872,69.1521,69.9151,70.6656,71.4136,72.1693,72.9303
Player61OnsetTimes,25.8393,27.4244,50.8033,53.7743,55.5392,56.4727,57.0386,57.5738,58.3429,59.1891,60.0427,60.8547,61.6370,62.3992,63.1408,63.8764,64.6275,65.3781,66.1248,66.8778,67.6289,68.3872,69.1521,69.9151,70.6656,71.4136,72.1693,72.9303
Player62OnsetTimes,25.3838,26.9820,50.8495,54.0035,54.8708,55.7212,56.5694,57.4253,58.3746,59.3128,60.1828,60.9867,61.7329,62.4607,63.1912,63.9257,64.6727,65.4265,66.1729,66.9263,67.6757,68.4325,69.1943,69.9455,70.6974,71.4627,72.2191,72.9769
Player63OnsetTimes,25.4246,27.0269,51.1179,54.2437,55.0007,55.7364,57.2998,58.1425,58.8004,59.4358,60.1034,60.8223,61.5753,62.3490,63.1236,63.8764,64.6275,65.3781,66.1248,66.8778,67.6289,68.3872,69.1521,69.9151,70.6656,71.4136,72.1693,72.9303
Player64OnsetTimes,26.0576,27.1218,50.8347,53.9232,55.6685,56.5368,57.0539,57.5738,58.3429,59.1891,60.0427,60.8547,61.6370,62.3992,63.1408,63.8764,64.6275,65.3781,66.1248,66.8778,67.6289,68.3872,69.1521,69.9151,70.6656,71.4136,72.1693,72.9303
Player65OnsetTimes,24.8931,27.0269,50.9114,54.0530,54.9030,55.7364,56.5694,57.4080,58.3586,59.2983,60.1668,60.9677,61.7329,62.4763,63.2135,63.9574,64.7028,65.4414,66.1891,66.9412,67.6907,68.4473,69.2175,69.9760,70.7298,71.4788,72.2191,72.9613
Player66OnsetTimes,25.2013,27.3257,51.2253,54.2437,54.9703,55.7212,57.3158,58.1587,58.8004,59.4206,60.0882,60.8074,61.5753,62.3490,63.1236,63.8764,64.6275,65.3781,66.1248,66.8778,67.6289,68.3872,69.1521,69.9151,70.6656,71.4136,72.1693,72.9303
Player67OnsetTimes,24.7877,27.4244,51.4448,54.4292,55.0622,55.7364,57.2368,58.0748,58.7509,59.4053,60.0882,60.8223,61.5910,62.3651,63.1408,63.8932,64.6424,65.3781,66.1248,66.8778,67.6289,68.3872,69.1521,69.9151,70.6656,71.4136,72.1693,72.9303
Player68OnsetTimes,24.9466,27.0655,51.3040,54.4292,55.1223,55.7987,57.2682,58.0748,58.7358,59.3905,60.0882,60.8223,61.5910,62.3651,63.1408,63.8932,64.6424,65.3781,66.1248,66.8778,67.6289,68.3872,69.1521,69.9151,70.6656,71.4136,72.1693,72.9303
Player69OnsetTimes,24.8931,27.0269,50.9114,54.0530,54.9030,55.7364,56.5694,57.4080,58.3586,59.2983,60.1668,60.9677,61.7329,62.4763,63.2135,63.9574,64.7028,65.4414,66.1891,66.9412,67.6907,68.4473,69.2175,69.9760,70.7298,71.4788,72.2191,72.9613
Player70OnsetTimes,24.9102,27.0459,51.6786,54.8077,55.3533,55.8790,57.1612,57.9321,58.6247,59.3281,60.0574,60.8223,61.5910,62.3490,63.1236,63.8764,64.6275,65.3781,66.1248,66.8778,67.6289,68.3872,69.1521,69.9151,70.6656,71.4136,72.1535,72.9133
Player71OnsetTimes,25.9896,27.0655,51.1950,54.3065,55.0304,55.7364,57.2682,58.0900,58.7509,59.3905,60.0733,60.8074,61.5753,62.3490,63.1236,63.8764,64.6275,65.3628,66.1091,66.8619,67.6134,68.3705,69.1326,69.8947,70.6505,71.3984,72.1535,72.9133
Player72OnsetTimes,24.6026,27.2509,50.9935,54.0380,54.8561,55.6849,57.3924,58.2690,58.8968,59.4828,60.1202,60.8223,61.5753,62.3490,63.1236,63.8932,64.6573,65.4100,66.1565,66.9093,67.6600,68.4021,69.1521,69.9151,70.6816,71.4460,72.2028,72.9454
Player73OnsetTimes,25.6335,27.2260,50.9606,54.0226,54.8404,56.5024,57.3466,57.8850,58.5183,59.2514,60.0264,60.8223,61.6056,62.3843,63.1408,63.8932,64.6424,65.3781,66.1248,66.8778,67.6289,68.3872,69.1521,69.9151,70.6656,71.4136,72.1693,72.9303
Player74OnsetTimes,24.7181,27.3501,51.0562,54.0701,54.8561,56.4873,57.3324,57.8850,58.5338,59.2671,60.0427,60.8389,61.6224,62.3992,63.1592,63.9085,64.6573,65.3939,66.1400,66.8944,67.6446,68.4021,69.1713,69.9305,70.6816,71.4308,72.1878,72.9454
Player75OnsetTimes,24.7512,27.4007,51.7586,54.7468,55.2632,55.7987,57.1460,57.9473,58.6544,59.3606,60.0882,60.8389,61.5910,62.3490,63.1022,63.8609,64.6128,65.3628,66.1091,66.8619,67.6134,68.3705,69.1326,69.8947,70.6505,71.3984,72.1535,72.9133
Player76OnsetTimes,25.0687,27.2049,50.9114,53.9719,54.8230,55.6849,56.5527,57.4253,58.3907,59.3281,60.1828,60.9677,61.7175,62.4607,63.2135,63.9574,64.7028,65.4414,66.1729,66.9263,67.6757,68.4325,69.1943,69.9455,70.6974,71.4627,72.2191,72.9769
Player77OnsetTimes,24.8931,27.0269,50.9114,54.0530,54.9030,55.7364,56.5694,57.4080,58.3586,59.2983,60.1668,60.9677,61.7329,62.4763,63.2135,63.9574,64.7028,65.4414,66.1891,66.9412,67.6907,68.4473,69.2175,69.9760,70.7298,71.4788,72.2191,72.9613
Player78OnsetTimes,25.4246,27.0269,51.1179,54.2437,55.0007,55.7364,57.2998,58.1425,58.8004,59.4358,60.1034,60.8223,61.5753,62.3490,63.1236,63.8764,64.6275,65.3781,66.1248,66.8778,67.6289,68.3872,69.1521,69.9151,70.6656,71.4136,72.1693,72.9303
Player79OnsetTimes,25.5422,27.1401,50.9114,54.0035,54.8404,55.6849,57.3773,58.2355,58.8639,59.4679,60.1202,60.8223,61.5753,62.3490,63.1236,63.8932,64.6424,65.3781,66.1248,66.8778,67.6289,68.3872,69.1521,69.9151,70.6656,71.4136,72.1693,72.9303
Player80OnsetTimes,24.8931,27.0269,50.9114,54.0530,54.9030,55.7364,56.5694,57.4080,58.3586,59.2983,60.1668,60.9677,61.7329,62.4763,63.2135,63.9574,64.7028,65.4414,66.1891,66.9412,67.6907,68.4473,69.2175,69.9760,70.7298,71.4788,72.2191,72.9613
Player81OnsetTimes,24.7338,27.3762,50.9276,53.9232,55.6070,56.4873,57.0386,57.5738,58.3429,59.2039,60.0574,60.8700,61.6517,62.4145,63.1592,63.9085,64.6573,65.3939,66.1400,66.8944,67.6446,68.4021,69.1713,69.9305,70.6816,71.4308,72.1878,72.9454
Player82OnsetTimes,24.7689,27.4007,51.6018,54.5955,55.1689,55.7675,57.1908,58.0095,58.7023,59.3758,60.0882,60.8223,61.5910,62.3651,63.1236,63.8764,64.6275,65.3781,66.1248,66.8778,67.6289,68.3872,69.1521,69.9151,70.6656,71.4136,72.1535,72.9133
Player83OnsetTimes,24.7338,27.3762,50.9276,53.9232,55.6070,56.4873,57.0386,57.5738,58.3429,59.2039,60.0574,60.8700,61.6517,62.4145,63.1592,63.9085,64.6573,65.3939,66.1400,66.8944,67.6446,68.4021,69.1713,69.9305,70.6816,71.4308,72.1878,72.9454
Player84OnsetTimes,25.3655,26.9613,51.1019,54.2590,55.0304,55.7675,57.3158,58.1425,58.8004,59.4358,60.1034,60.8223,61.5753,62.3490,63.1236,63.8764,64.6275,65.3781,66.1248,66.8778,67.6289,68.3872,69.1521,69.9151,70.6656,71.4136,72.1693,72.9303
Player85OnsetTimes,24.8576,26.9820,51.2732,54.4292,55.1376,55.8139,56.5527,58.1747,59.1245,59.7485,60.3053,60.9119,61.5910,62.3177,63.0828,63.8461,64.6128,65.3781,66.1248,66.8778,67.6289,68.3872,69.1521,69.9151,70.6656,71.4136,72.1693,72.9303
Player86OnsetTimes,25.5987,27.2049,51.4290,54.4915,55.1223,55.7675,57.2058,58.0255,58.7023,59.3758,60.0733,60.8074,61.5753,62.3490,63.1236,63.8764,64.6275,65.3628,66.1091,66.8619,67.6134,68.3705,69.1326,69.8947,70.6505,71.3984,72.1535,72.9133
Player87OnsetTimes,25.0880,27.2260,51.5846,54.6408,55.2161,55.7987,57.1759,57.9778,58.6704,59.3606,60.0733,60.8223,61.5910,62.3490,63.1236,63.8764,64.6275,65.3781,66.1248,66.8778,67.6289,68.3872,69.1521,69.9151,70.6656,71.4136,72.1535,72.9133
Player88OnsetTimes,24.8735,27.0044,51.0714,54.2134,55.0007,55.7675,56.5527,58.2048,59.1568,59.7820,60.3201,60.9119,61.5910,62.3329,63.1022,63.8764,64.6424,65.3939,66.1400,66.8944,67.6446,68.4021,69.1713,69.9305,70.6816,71.4308,72.1878,72.9454
Player89OnsetTimes,24.7512,27.4007,51.7586,54.7468,55.2632,55.7987,57.1460,57.9473,58.6544,59.3606,60.0882,60.8389,61.5910,62.3490,63.1022,63.8609,64.6128,65.3628,66.1091,66.8619,67.6134,68.3705,69.1326,69.8947,70.6505,71.3984,72.1535,72.9133
Player90OnsetTimes,24.7181,27.3501,51.0562,54.0701,54.8561,56.4873,57.3324,57.8850,58.5338,59.2671,60.0427,60.8389,61.6224,62.3992,63.1592,63.9085,64.6573,65.3939,66.1400,66.8944,67.6446,68.4021,69.1713,69.9305,70.6816,71.4308,72.1878,72.9454
Player91OnsetTimes,25.7493,27.3501,51.1019,54.1026,54.8708,56.4727,57.2998,57.8383,58.4858,59.2353,60.0264,60.8223,61.6056,62.3843,63.1408,63.8932,64.6275,65.3628,66.1091,66.8619,67.6134,68.3705,69.1326,69.8947,70.6505,71.4136,72.1693,72.9303
Player92OnsetTimes,24.8213,27.4473,51.1486,54.1187,54.8708,56.4727,57.3158,57.8698,58.5183,59.2514,60.0264,60.8223,61.6224,62.3992,63.1592,63.9085,64.6424,65.3781,66.1248,66.8778,67.6289,68.3872,69.1521,69.9151,70.6656,71.4136,72.1693,72.9303
Player93OnsetTimes,24.7338,27.3762,50.9276,53.9232,55.6070,56.4873,57.0386,57.5738,58.3429,59.2039,60.0574,60.8700,61.6517,62.4145,63.1592,63.9085,64.6573,65.3939,66.1400,66.8944,67.6446,68.4021,69.1713,69.9305,70.6816,71.4308,72.1878,72.9454
Player94OnsetTimes,25.5422,27.1401,50.9114,54.0035,54.8404,55.6849,57.3773,58.2355,58.8639,59.4679,60.1202,60.8223,61.5753,62.3490,63.1236,63.8932,64.6424,65.3781,66.1248,66.8778,67.6289,68.3872,69.1521,69.9151,70.6656,71.4136,72.1693,72.9303
Player95OnsetTimes,24.6544,27.3014,51.6324,54.6556,55.2161,55.7987,57.1759,57.9778,58.6704,59.3606,60.0733,60.8223,61.5910,62.3651,63.1408,63.8932,64.6275,65.3628,66.1091,66.8619,67.6134,68.3705,69.1326,69.8947,70.6505,71.4136,72.1693,72.9303
Player96OnsetTimes,25.8882,26.9613,51.0112,54.1659,54.9703,55.7364,57.3324,58.1747,58.8155,59.4358,60.1034,60.8223,61.5753,62.3490,63.1236,63.8764,64.6275,65.3781,66.1248,66.8778,67.6289,68.3872,69.1521,69.9151,70.6656,71.4136,72.1693,72.9303
